"symbol","stock_code","component_name","sw_level1_name","attention_rank_score","comment_score","focus_score","attention_bucket","attention_catalyst_flag","eastmoney_hot_rank","eastmoney_up_rank","xueqiu_follow_rank","xueqiu_tweet_rank","xueqiu_deal_rank","data_status"
"000012.SZ","000012","南  玻A","未映射",,,,"缺失","False",,,,,,"missing"
"000028.SZ","000028","国药一致","医药生物",,,,"缺失","False",,,,,,"missing"
"000029.SZ","000029","深深房A","未映射",,,,"缺失","False",,,,,,"missing"
"000030.SZ","000030","富奥股份","汽车",,,,"缺失","False",,,,,,"missing"
"000035.SZ","000035","中国天楹","环保",,,,"缺失","False",,,,,,"missing"
"000048.SZ","000048","京基智农","农林牧渔",,,,"缺失","False",,,,,,"missing"
"000049.SZ","000049","德赛电池","电力设备",,,,"缺失","False",,,,,,"missing"
"000058.SZ","000058","深赛格","商贸零售",,,,"缺失","False",,,,,,"missing"
"000059.SZ","000059","华锦股份","石油石化",,,,"缺失","False",,,,,,"missing"
"000061.SZ","000061","农 产 品","商贸零售",,,,"缺失","False",,,,,,"missing"
"000065.SZ","000065","北方国际","建筑装饰",,,,"缺失","False",,,,,,"missing"
"000089.SZ","000089","深圳机场","交通运输",,,,"缺失","False",,,,,,"missing"
"000099.SZ","000099","中信海直","交通运输",,,,"缺失","False",,,,,,"missing"
"000156.SZ","000156","华数传媒","传媒",,,,"缺失","False",,,,,,"missing"
"000403.SZ","000403","派林生物","医药生物",,,,"缺失","False",,,,,,"missing"
"000420.SZ","000420","吉林化纤","基础化工",,,,"缺失","False",,,,,,"missing"
"000422.SZ","000422","湖北宜化","基础化工",,,,"缺失","False",,,,,,"missing"
"000498.SZ","000498","山东路桥","建筑装饰",,,,"缺失","False",,,,,,"missing"
"000503.SZ","000503","国新健康","计算机",,,,"缺失","False",,,,,,"missing"
"000506.SZ","000506","招金黄金","有色金属",,,,"缺失","False",,,,,,"missing"
"000534.SZ","000534","万泽股份","医药生物",,,,"缺失","False",,,,,,"missing"
"000543.SZ","000543","皖能电力","公用事业",,,,"缺失","False",,,,,,"missing"
"000550.SZ","000550","江铃汽车","汽车",,,,"缺失","False",,,,,,"missing"
"000552.SZ","000552","甘肃能化","煤炭",,,,"缺失","False",,,,,,"missing"
"000555.SZ","000555","神州信息","计算机",,,,"缺失","False",,,,,,"missing"
"000563.SZ","000563","陕国投A","未映射",,,,"缺失","False",,,,,,"missing"
"000567.SZ","000567","海德股份","非银金融",,,,"缺失","False",,,,,,"missing"
"000581.SZ","000581","威孚高科","汽车",,,,"缺失","False",,,,,,"missing"
"000600.SZ","000600","建投能源","公用事业",,,,"缺失","False",,,,,,"missing"
"000603.SZ","000603","盛达资源","有色金属",,,,"缺失","False",,,,,,"missing"
"000612.SZ","000612","焦作万方","有色金属",,,,"缺失","False",,,,,,"missing"
"000620.SZ","000620","盈新发展","房地产",,,,"缺失","False",,,,,,"missing"
"000628.SZ","000628","高新发展","建筑装饰",,,,"缺失","False",,,,,,"missing"
"000636.SZ","000636","风华高科","电子","0.333333333333333",,,"中","False","24",,"79","56",,"ok"
"000650.SZ","000650","仁和药业","医药生物",,,,"缺失","False",,,,,,"missing"
"000672.SZ","000672","上峰材料","未映射",,,,"缺失","False",,,,,,"missing"
"000676.SZ","000676","智度股份","传媒",,,,"缺失","False",,,,,,"missing"
"000680.SZ","000680","山推股份","机械设备",,,,"缺失","False",,,,,,"missing"
"000681.SZ","000681","视觉中国","传媒",,,,"缺失","False",,,,,,"missing"
"000682.SZ","000682","东方电子","电力设备",,,,"缺失","False",,,,,,"missing"
"000685.SZ","000685","中山公用","环保",,,,"缺失","False",,,,,,"missing"
"000686.SZ","000686","东北证券","非银金融",,,,"缺失","False",,,,,,"missing"
"000688.SZ","000688","国城矿业","有色金属",,,,"缺失","False",,,,,,"missing"
"000690.SZ","000690","宝新能源","公用事业",,,,"缺失","False",,,,,,"missing"
"000712.SZ","000712","锦龙股份","非银金融",,,,"缺失","False",,,,,,"missing"
"000719.SZ","000719","中原传媒","传媒",,,,"缺失","False",,,,,,"missing"
"000727.SZ","000727","冠捷科技","电子",,,,"缺失","False",,,,,,"missing"
"000758.SZ","000758","中色股份","有色金属","0",,,"低","False",,,,,"99","ok"
"000762.SZ","000762","西藏矿业","有色金属",,,,"缺失","False",,,,,,"missing"
"000766.SZ","000766","通化金马","医药生物",,,,"缺失","False",,,,,,"missing"
"000767.SZ","000767","晋控电力","公用事业",,,,"缺失","False",,,,,,"missing"
"000778.SZ","000778","新兴铸管","钢铁",,,,"缺失","False",,,,,,"missing"
"000791.SZ","000791","甘肃能源","公用事业",,,,"缺失","False",,,,,,"missing"
"000795.SZ","000795","英洛华","有色金属",,,,"缺失","False",,,,,,"missing"
"000801.SZ","000801","四川九洲","家用电器",,,,"缺失","False",,,,,,"missing"
"000810.SZ","000810","创维数字","家用电器",,,,"缺失","False",,,,,,"missing"
"000811.SZ","000811","冰轮环境","机械设备",,,,"缺失","False",,,,,,"missing"
"000813.SZ","000813","德展健康","医药生物",,,,"缺失","False",,,,,,"missing"
"000828.SZ","000828","东莞控股","交通运输",,,,"缺失","False",,,,,,"missing"
"000829.SZ","000829","天音控股","商贸零售",,,,"缺失","False",,,,,,"missing"
"000833.SZ","000833","粤桂股份","综合",,,,"缺失","False",,,,,,"missing"
"000837.SZ","000837","秦川机床","机械设备",,,,"缺失","False",,,,,,"missing"
"000848.SZ","000848","承德露露","食品饮料",,,,"缺失","False",,,,,,"missing"
"000860.SZ","000860","顺鑫农业","食品饮料",,,,"缺失","False",,,,,,"missing"
"000875.SZ","000875","电投绿能","公用事业",,,,"缺失","False",,,,,,"missing"
"000880.SZ","000880","潍柴重机","汽车",,,,"缺失","False",,,,,,"missing"
"000885.SZ","000885","城发环境","环保",,,,"缺失","False",,,,,,"missing"
"000899.SZ","000899","赣能股份","公用事业",,,,"缺失","False",,,,,,"missing"
"000901.SZ","000901","航天科技","汽车",,,,"缺失","False",,,,,,"missing"
"000902.SZ","000902","新洋丰","基础化工",,,,"缺失","False",,,,,,"missing"
"000913.SZ","000913","钱江摩托","汽车",,,,"缺失","False",,,,,,"missing"
"000917.SZ","000917","电广传媒","传媒",,,,"缺失","False",,,,,,"missing"
"000923.SZ","000923","河钢资源","钢铁",,,,"缺失","False",,,,,,"missing"
"000927.SZ","000927","中国铁物","机械设备",,,,"缺失","False",,,,,,"missing"
"000928.SZ","000928","中钢国际","建筑装饰",,,,"缺失","False",,,,,,"missing"
"000930.SZ","000930","中粮科技","农林牧渔",,,,"缺失","False",,,,,,"missing"
"000935.SZ","000935","四川双马","非银金融","0",,,"低","False",,"260",,,,"ok"
"000950.SZ","000950","重药控股","医药生物",,,,"缺失","False",,,,,,"missing"
"000962.SZ","000962","东方钽业","有色金属",,,,"缺失","False",,,,,,"missing"
"000966.SZ","000966","长源电力","公用事业",,,,"缺失","False",,,,,,"missing"
"000969.SZ","000969","安泰科技","有色金属",,,,"缺失","False",,,,,,"missing"
"000970.SZ","000970","中科三环","有色金属",,,,"缺失","False",,,,,,"missing"
"000973.SZ","000973","佛塑科技","基础化工",,,,"缺失","False",,,,,,"missing"
"000990.SZ","000990","诚志股份","基础化工",,,,"缺失","False",,,,,,"missing"
"000998.SZ","000998","隆平高科","农林牧渔",,,,"缺失","False",,,,,,"missing"
"001227.SZ","001227","兰州银行","银行",,,,"缺失","False",,,,,,"missing"
"001233.SZ","001233","海安集团","汽车",,,,"缺失","False",,,,,,"missing"
"001236.SZ","001236","弘业期货","非银金融",,,,"缺失","False",,,,,,"missing"
"001267.SZ","001267","汇绿生态","建筑装饰",,,,"缺失","False",,,,,,"missing"
"001287.SZ","001287","中电港","电子",,,,"缺失","False",,,,,,"missing"
"001301.SZ","001301","尚太科技","电力设备",,,,"缺失","False",,,,,,"missing"
"001337.SZ","001337","四川黄金","有色金属",,,,"缺失","False",,,,,,"missing"
"001339.SZ","001339","智微智能","计算机",,,,"缺失","False",,,,,,"missing"
"001359.SZ","001359","平安电工","基础化工",,,,"缺失","False",,,,,,"missing"
"001369.SZ","001369","双欣材料","基础化工",,,,"缺失","False",,,,,,"missing"
"001382.SZ","001382","新亚电缆","电力设备",,,,"缺失","False",,,,,,"missing"
"001896.SZ","001896","豫能控股","公用事业","0",,,"低","False","76",,,,,"ok"
"001914.SZ","001914","招商积余","房地产",,,,"缺失","False",,,,,,"missing"
"002003.SZ","002003","伟星股份","纺织服饰",,,,"缺失","False",,,,,,"missing"
"002004.SZ","002004","华邦健康","医药生物",,,,"缺失","False",,,,,,"missing"
"002006.SZ","002006","精工科技","机械设备",,,,"缺失","False",,,,,,"missing"
"002010.SZ","002010","传化智联","交通运输",,,,"缺失","False",,,,,,"missing"
"002011.SZ","002011","盾安环境","家用电器",,,,"缺失","False",,,,,,"missing"
"002015.SZ","002015","协鑫能科","公用事业",,,,"缺失","False",,,,,,"missing"
"002017.SZ","002017","东信和平","通信",,,,"缺失","False",,,,,,"missing"
"002019.SZ","002019","亿帆医药","医药生物",,,,"缺失","False",,,,,,"missing"
"002020.SZ","002020","京新药业","医药生物",,,,"缺失","False",,,,,,"missing"
"002023.SZ","002023","海特高新","国防军工",,,,"缺失","False",,,,,,"missing"
"002036.SZ","002036","联创电子","电子",,,,"缺失","False",,,,,,"missing"
"002041.SZ","002041","登海种业","农林牧渔",,,,"缺失","False",,,,,,"missing"
"002043.SZ","002043","兔宝宝","建筑材料",,,,"缺失","False",,,,,,"missing"
"002045.SZ","002045","国光电器","电子",,,,"缺失","False",,,,,,"missing"
"002046.SZ","002046","国机精工","机械设备",,,,"缺失","False",,,,,,"missing"
"002048.SZ","002048","宁波华翔","汽车",,,,"缺失","False",,,,,,"missing"
"002051.SZ","002051","中工国际","建筑装饰",,,,"缺失","False",,,,,,"missing"
"002053.SZ","002053","云南能投","公用事业",,,,"缺失","False",,,,,,"missing"
"002060.SZ","002060","广东建工","公用事业",,,,"缺失","False",,,,,,"missing"
"002061.SZ","002061","浙江交科","建筑装饰",,,,"缺失","False",,,,,,"missing"
"002063.SZ","002063","远光软件","计算机",,,,"缺失","False",,,,,,"missing"
"002073.SZ","002073","软控股份","机械设备",,,,"缺失","False",,,,,,"missing"
"002075.SZ","002075","沙钢股份","钢铁",,,,"缺失","False",,,,,,"missing"
"002077.SZ","002077","大港股份","电子",,,,"缺失","False",,,,,,"missing"
"002081.SZ","002081","金螳螂","建筑装饰",,,,"缺失","False",,,,,,"missing"
"002091.SZ","002091","江苏国泰","商贸零售",,,,"缺失","False",,,,,,"missing"
"002093.SZ","002093","国脉科技","社会服务",,,,"缺失","False",,,,,,"missing"
"002096.SZ","002096","易普力","基础化工",,,,"缺失","False",,,,,,"missing"
"002097.SZ","002097","山河智能","机械设备",,,,"缺失","False",,,,,,"missing"
"002099.SZ","002099","海翔药业","医药生物",,,,"缺失","False",,,,,,"missing"
"002100.SZ","002100","天康生物","农林牧渔",,,,"缺失","False",,,,,,"missing"
"002101.SZ","002101","广东鸿图","汽车",,,,"缺失","False",,,,,,"missing"
"002104.SZ","002104","恒宝股份","通信",,,,"缺失","False",,,,,,"missing"
"002110.SZ","002110","三钢闽光","钢铁",,,,"缺失","False",,,,,,"missing"
"002121.SZ","002121","科陆电子","电力设备",,,,"缺失","False",,,,,,"missing"
"002123.SZ","002123","梦网科技","通信",,,,"缺失","False",,,,,,"missing"
"002125.SZ","002125","湘潭电化","电力设备",,,,"缺失","False",,,,,,"missing"
"002127.SZ","002127","南极电商","商贸零售",,,,"缺失","False",,,,,,"missing"
"002139.SZ","002139","拓邦股份","电子",,,,"缺失","False",,,,,,"missing"
"002145.SZ","002145","钛能化学","基础化工",,,,"缺失","False",,,,,,"missing"
"002149.SZ","002149","西部材料","有色金属",,,,"缺失","False",,,,,,"missing"
"002151.SZ","002151","北斗星通","国防军工","1",,,"高","True",,,,,"8","ok"
"002158.SZ","002158","汉钟精机","机械设备",,,,"缺失","False",,,,,,"missing"
"002163.SZ","002163","海南发展","建筑装饰",,,,"缺失","False",,,,,,"missing"
"002170.SZ","002170","芭田股份","基础化工",,,,"缺失","False",,,,,,"missing"
"002171.SZ","002171","楚江新材","有色金属",,,,"缺失","False",,,,,,"missing"
"002174.SZ","002174","游族网络","传媒",,,,"缺失","False",,,,,,"missing"
"002176.SZ","002176","江特电机","电力设备",,,,"缺失","False",,,,,,"missing"
"002181.SZ","002181","粤传媒","传媒",,,,"缺失","False",,,,,,"missing"
"002182.SZ","002182","宝武镁业","有色金属",,,,"缺失","False",,,,,,"missing"
"002183.SZ","002183","怡亚通","商贸零售",,,,"缺失","False",,,,,,"missing"
"002192.SZ","002192","融捷股份","有色金属","1",,,"高","True",,,,"32",,"ok"
"002194.SZ","002194","武汉凡谷","通信",,,,"缺失","False",,,,,,"missing"
"002204.SZ","002204","大连重工","机械设备",,,,"缺失","False",,,,,,"missing"
"002212.SZ","002212","天融信","计算机",,,,"缺失","False",,,,,,"missing"
"002215.SZ","002215","诺普信","农林牧渔",,,,"缺失","False",,,,,,"missing"
"002216.SZ","002216","三全食品","食品饮料",,,,"缺失","False",,,,,,"missing"
"002221.SZ","002221","东华能源","石油石化",,,,"缺失","False",,,,,,"missing"
"002222.SZ","002222","福晶科技","电子",,,,"缺失","False",,,,,,"missing"
"002226.SZ","002226","江南化工","基础化工",,,,"缺失","False",,,,,,"missing"
"002233.SZ","002233","塔牌集团","建筑材料",,,,"缺失","False",,,,,,"missing"
"002237.SZ","002237","恒邦股份","有色金属",,,,"缺失","False",,,,,,"missing"
"002239.SZ","002239","奥特佳","汽车",,,,"缺失","False",,,,,,"missing"
"002243.SZ","002243","力合科创","社会服务",,,,"缺失","False",,,,,,"missing"
"002245.SZ","002245","蔚蓝锂芯","电力设备",,,,"缺失","False",,,,,,"missing"
"002246.SZ","002246","北化股份","基础化工",,,,"缺失","False",,,,,,"missing"
"002249.SZ","002249","大洋电机","电力设备",,,,"缺失","False",,,,,,"missing"
"002250.SZ","002250","联化科技","基础化工",,,,"缺失","False",,,,,,"missing"
"002251.SZ","002251","步步高","商贸零售",,,,"缺失","False",,,,,,"missing"
"002254.SZ","002254","泰和新材","基础化工",,,,"缺失","False",,,,,,"missing"
"002258.SZ","002258","利尔化学","基础化工",,,,"缺失","False",,,,,,"missing"
"002267.SZ","002267","陕天然气","公用事业",,,,"缺失","False",,,,,,"missing"
"002268.SZ","002268","电科网安","计算机",,,,"缺失","False",,,,,,"missing"
"002270.SZ","002270","华明装备","电力设备",,,,"缺失","False",,,,,,"missing"
"002276.SZ","002276","万马股份","电力设备",,,,"缺失","False",,,,,,"missing"
"002287.SZ","002287","奇正藏药","医药生物",,,,"缺失","False",,,,,,"missing"
"002290.SZ","002290","禾盛新材","家用电器",,,,"缺失","False",,,,,,"missing"
"002292.SZ","002292","奥飞娱乐","传媒",,,,"缺失","False",,,,,,"missing"
"002315.SZ","002315","焦点科技","商贸零售","0",,,"低","False",,"869",,,,"ok"
"002317.SZ","002317","众生药业","医药生物","1",,,"高","True","18",,,,,"ok"
"002320.SZ","002320","海峡股份","交通运输",,,,"缺失","False",,,,,,"missing"
"002324.SZ","002324","普利特","基础化工",,,,"缺失","False",,,,,,"missing"
"002326.SZ","002326","永太科技","基础化工",,,,"缺失","False",,,,,,"missing"
"002332.SZ","002332","仙琚制药","医药生物",,,,"缺失","False",,,,,,"missing"
"002338.SZ","002338","奥普光电","国防军工",,,,"缺失","False",,,,,,"missing"
"002345.SZ","002345","潮宏基","纺织服饰",,,,"缺失","False",,,,,,"missing"
"002351.SZ","002351","漫步者","电子",,,,"缺失","False",,,,,,"missing"
"002354.SZ","002354","天娱数科","传媒","0",,,"低","False","94",,,,,"ok"
"002364.SZ","002364","中恒电气","电力设备",,,,"缺失","False",,,,,,"missing"
"002368.SZ","002368","太极股份","计算机",,,,"缺失","False",,,,,,"missing"
"002372.SZ","002372","伟星新材","建筑材料",,,,"缺失","False",,,,,,"missing"
"002373.SZ","002373","千方科技","计算机",,,,"缺失","False",,,,,,"missing"
"002378.SZ","002378","章源钨业","有色金属",,,,"缺失","False",,,,,,"missing"
"002389.SZ","002389","航天彩虹","国防军工",,,,"缺失","False",,,,,,"missing"
"002396.SZ","002396","星网锐捷","通信","0",,,"低","False",,,"62","78",,"ok"
"002400.SZ","002400","省广集团","传媒",,,,"缺失","False",,,,,,"missing"
"002405.SZ","002405","四维图新","计算机",,,,"缺失","False",,,,,,"missing"
"002408.SZ","002408","齐翔腾达","石油石化",,,,"缺失","False",,,,,,"missing"
"002416.SZ","002416","爱施德","商贸零售",,,,"缺失","False",,,,,,"missing"
"002428.SZ","002428","云南锗业","有色金属",,,,"缺失","False",,,,,,"missing"
"002434.SZ","002434","万里扬","汽车",,,,"缺失","False",,,,,,"missing"
"002456.SZ","002456","欧菲光","电子",,,,"缺失","False",,,,,,"missing"
"002458.SZ","002458","益生股份","农林牧渔",,,,"缺失","False",,,,,,"missing"
"002468.SZ","002468","申通快递","交通运输",,,,"缺失","False",,,,,,"missing"
"002484.SZ","002484","江海股份","电子",,,,"缺失","False",,,,,,"missing"
"002488.SZ","002488","金固股份","汽车",,,,"缺失","False",,,,,,"missing"
"002497.SZ","002497","雅化集团","基础化工","0",,,"低","False",,,,"96",,"ok"
"002498.SZ","002498","汉缆股份","电力设备",,,,"缺失","False",,,,,,"missing"
"002506.SZ","002506","协鑫集成","电力设备",,,,"缺失","False",,,,,,"missing"
"002507.SZ","002507","涪陵榨菜","食品饮料",,,,"缺失","False",,,,,,"missing"
"002511.SZ","002511","中顺洁柔","美容护理",,,,"缺失","False",,,,,,"missing"
"002516.SZ","002516","旷达科技","汽车",,,,"缺失","False",,,,,,"missing"
"002518.SZ","002518","科士达","电力设备",,,,"缺失","False",,,,,,"missing"
"002531.SZ","002531","天顺风能","电力设备",,,,"缺失","False",,,,,,"missing"
"002534.SZ","002534","西子洁能","电力设备",,,,"缺失","False",,,,,,"missing"
"002536.SZ","002536","飞龙股份","汽车",,,,"缺失","False",,,,,,"missing"
"002537.SZ","002537","海联金汇","汽车",,,,"缺失","False",,,,,,"missing"
"002539.SZ","002539","云图控股","基础化工",,,,"缺失","False",,,,,,"missing"
"002541.SZ","002541","鸿路钢构","建筑装饰",,,,"缺失","False",,,,,,"missing"
"002544.SZ","002544","普天科技","通信",,,,"缺失","False",,,,,,"missing"
"002545.SZ","002545","东方铁塔","基础化工",,,,"缺失","False",,,,,,"missing"
"002549.SZ","002549","凯美特气","基础化工",,,,"缺失","False",,,,,,"missing"
"002550.SZ","002550","千红制药","医药生物",,,,"缺失","False",,,,,,"missing"
"002557.SZ","002557","洽洽食品","食品饮料",,,,"缺失","False",,,,,,"missing"
"002563.SZ","002563","森马服饰","纺织服饰",,,,"缺失","False",,,,,,"missing"
"002572.SZ","002572","索菲亚","轻工制造",,,,"缺失","False",,,,,,"missing"
"002588.SZ","002588","史丹利","基础化工",,,,"缺失","False",,,,,,"missing"
"002597.SZ","002597","金禾实业","基础化工",,,,"缺失","False",,,,,,"missing"
"002605.SZ","002605","姚记科技","传媒",,,,"缺失","False",,,,,,"missing"
"002611.SZ","002611","东方精工","机械设备",,,,"缺失","False",,,,,,"missing"
"002617.SZ","002617","露笑科技","公用事业",,,,"缺失","False",,,,,,"missing"
"002626.SZ","002626","金达威","食品饮料",,,,"缺失","False",,,,,,"missing"
"002635.SZ","002635","安洁科技","电子",,,,"缺失","False",,,,,,"missing"
"002636.SZ","002636","金安国纪","电子","0",,,"低","False","90",,"75","75",,"ok"
"002639.SZ","002639","雪人集团","机械设备",,,,"缺失","False",,,,,,"missing"
"002643.SZ","002643","万润股份","电子",,,,"缺失","False",,,,,,"missing"
"002651.SZ","002651","利君股份","国防军工",,,,"缺失","False",,,,,,"missing"
"002654.SZ","002654","万润科技","电子",,,,"缺失","False",,,,,,"missing"
"002668.SZ","002668","TCL智家","家用电器",,,,"缺失","False",,,,,,"missing"
"002675.SZ","002675","东诚药业","医药生物",,,,"缺失","False",,,,,,"missing"
"002681.SZ","002681","奋达科技","电子",,,,"缺失","False",,,,,,"missing"
"002690.SZ","002690","美亚光电","机械设备","0",,,"低","False",,"1763",,,,"ok"
"002698.SZ","002698","博实股份","机械设备",,,,"缺失","False",,,,,,"missing"
"002701.SZ","002701","奥瑞金","轻工制造",,,,"缺失","False",,,,,,"missing"
"002705.SZ","002705","新宝股份","家用电器",,,,"缺失","False",,,,,,"missing"
"002706.SZ","002706","良信股份","电力设备",,,,"缺失","False",,,,,,"missing"
"002716.SZ","002716","湖南白银","有色金属",,,,"缺失","False",,,,,,"missing"
"002727.SZ","002727","一心堂","医药生物",,,,"缺失","False",,,,,,"missing"
"002737.SZ","002737","葵花药业","医药生物",,,,"缺失","False",,,,,,"missing"
"002745.SZ","002745","木林森","电子","0",,,"低","False",,,,,"59","ok"
"002747.SZ","002747","埃斯顿","机械设备","0.5",,,"中","False","10",,,"83",,"ok"
"002755.SZ","002755","奥赛康","医药生物",,,,"缺失","False",,,,,,"missing"
"002761.SZ","002761","浙江建投","建筑装饰",,,,"缺失","False",,,,,,"missing"
"002768.SZ","002768","国恩股份","基础化工",,,,"缺失","False",,,,,,"missing"
"002779.SZ","002779","中坚科技","机械设备",,,,"缺失","False",,,,,,"missing"
"002807.SZ","002807","江阴银行","银行",,,,"缺失","False",,,,,,"missing"
"002815.SZ","002815","崇达技术","电子",,,,"缺失","False",,,,,,"missing"
"002827.SZ","002827","高争民爆","基础化工",,,,"缺失","False",,,,,,"missing"
"002832.SZ","002832","比音勒芬","纺织服饰",,,,"缺失","False",,,,,,"missing"
"002838.SZ","002838","道恩股份","基础化工",,,,"缺失","False",,,,,,"missing"
"002839.SZ","002839","张家港行","银行",,,,"缺失","False",,,,,,"missing"
"002840.SZ","002840","华统股份","食品饮料",,,,"缺失","False",,,,,,"missing"
"002847.SZ","002847","盐津铺子","食品饮料","0",,,"低","False",,"973",,,,"ok"
"002859.SZ","002859","洁美科技","电子",,,,"缺失","False",,,,,,"missing"
"002867.SZ","002867","周大生","纺织服饰",,,,"缺失","False",,,,,,"missing"
"002881.SZ","002881","美格智能","通信",,,,"缺失","False",,,,,,"missing"
"002882.SZ","002882","金龙羽","电力设备",,,,"缺失","False",,,,,,"missing"
"002891.SZ","002891","中宠股份","农林牧渔","0",,,"低","False",,"275",,,,"ok"
"002892.SZ","002892","科力尔","电力设备",,,,"缺失","False",,,,,,"missing"
"002895.SZ","002895","川恒股份","基础化工",,,,"缺失","False",,,,,,"missing"
"002896.SZ","002896","中大力德","机械设备",,,,"缺失","False",,,,,,"missing"
"002897.SZ","002897","意华股份","通信",,,,"缺失","False",,,,,,"missing"
"002901.SZ","002901","大博医疗","医药生物",,,,"缺失","False",,,,,,"missing"
"002906.SZ","002906","华阳集团","汽车",,,,"缺失","False",,,,,,"missing"
"002911.SZ","002911","佛燃能源","公用事业",,,,"缺失","False",,,,,,"missing"
"002913.SZ","002913","奥士康","电子",,,,"缺失","False",,,,,,"missing"
"002922.SZ","002922","伊戈尔","电子",,,,"缺失","False",,,,,,"missing"
"002925.SZ","002925","盈趣科技","电子",,,,"缺失","False",,,,,,"missing"
"002928.SZ","002928","华夏航空","交通运输",,,,"缺失","False",,,,,,"missing"
"002929.SZ","002929","润建股份","通信","1",,,"高","True",,,,,"36","ok"
"002936.SZ","002936","郑州银行","银行",,,,"缺失","False",,,,,,"missing"
"002941.SZ","002941","新疆交建","建筑装饰",,,,"缺失","False",,,,,,"missing"
"002946.SZ","002946","新乳业","食品饮料",,,,"缺失","False",,,,,,"missing"
"002947.SZ","002947","恒铭达","电子",,,,"缺失","False",,,,,,"missing"
"002948.SZ","002948","青岛银行","银行",,,,"缺失","False",,,,,,"missing"
"002958.SZ","002958","青农商行","银行",,,,"缺失","False",,,,,,"missing"
"002960.SZ","002960","青鸟智控","机械设备",,,,"缺失","False",,,,,,"missing"
"002961.SZ","002961","瑞达期货","非银金融",,,,"缺失","False",,,,,,"missing"
"002965.SZ","002965","祥鑫科技","汽车",,,,"缺失","False",,,,,,"missing"
"002967.SZ","002967","广电计量","社会服务",,,,"缺失","False",,,,,,"missing"
"002978.SZ","002978","安宁股份","有色金属",,,,"缺失","False",,,,,,"missing"
"002979.SZ","002979","雷赛智能","机械设备",,,,"缺失","False",,,,,,"missing"
"002985.SZ","002985","北摩高科","国防军工","1",,,"高","True",,,,,"48","ok"
"002987.SZ","002987","京北方","计算机",,,,"缺失","False",,,,,,"missing"
"002993.SZ","002993","奥海科技","电子",,,,"缺失","False",,,,,,"missing"
"003006.SZ","003006","百亚股份","美容护理",,,,"缺失","False",,,,,,"missing"
"003010.SZ","003010","若羽臣","商贸零售","0",,,"低","False",,"334",,,,"ok"
"003039.SZ","003039","顺控发展","环保",,,,"缺失","False",,,,,,"missing"
"300007.SZ","300007","汉威科技","机械设备",,,,"缺失","False",,,,,,"missing"
"300008.SZ","300008","天海防务","国防军工",,,,"缺失","False",,,,,,"missing"
"300009.SZ","300009","安科生物","医药生物",,,,"缺失","False",,,,,,"missing"
"300026.SZ","300026","红日药业","医药生物",,,,"缺失","False",,,,,,"missing"
"300031.SZ","300031","宝通科技","传媒",,,,"缺失","False",,,,,,"missing"
"300034.SZ","300034","钢研高纳","国防军工",,,,"缺失","False",,,,,,"missing"
"300035.SZ","300035","中科电气","电力设备",,,,"缺失","False",,,,,,"missing"
"300036.SZ","300036","超图软件","计算机",,,,"缺失","False",,,,,,"missing"
"300045.SZ","300045","华力创通","国防军工",,,,"缺失","False",,,,,,"missing"
"300047.SZ","300047","天源迪科","计算机",,,,"缺失","False",,,,,,"missing"
"300049.SZ","300049","福瑞医科","医药生物","0",,,"低","False",,"1241",,,,"ok"
"300065.SZ","300065","海兰信","国防军工","0",,,"低","False",,,"66","58",,"ok"
"300070.SZ","300070","碧水源","环保",,,,"缺失","False",,,,,,"missing"
"300075.SZ","300075","数字政通","计算机",,,,"缺失","False",,,,,,"missing"
"300077.SZ","300077","国民技术","电子",,,,"缺失","False",,,,,,"missing"
"300080.SZ","300080","易成新能","电力设备",,,,"缺失","False",,,,,,"missing"
"300083.SZ","300083","创世纪","机械设备",,,,"缺失","False",,,,,,"missing"
"300085.SZ","300085","银之杰","计算机",,,,"缺失","False",,,,,,"missing"
"300088.SZ","300088","长信科技","电子",,,,"缺失","False",,,,,,"missing"
"300098.SZ","300098","高新兴","通信",,,,"缺失","False",,,,,,"missing"
"300101.SZ","300101","振芯科技","国防军工",,,,"缺失","False",,,,,,"missing"
"300102.SZ","300102","乾照光电","电子",,,,"缺失","False",,,,,,"missing"
"300113.SZ","300113","顺网科技","传媒",,,,"缺失","False",,,,,,"missing"
"300119.SZ","300119","瑞普生物","农林牧渔",,,,"缺失","False",,,,,,"missing"
"300127.SZ","300127","银河磁体","有色金属",,,,"缺失","False",,,,,,"missing"
"300130.SZ","300130","新国都","计算机",,,,"缺失","False",,,,,,"missing"
"300131.SZ","300131","英唐智控","电子",,,,"缺失","False",,,,,,"missing"
"300133.SZ","300133","华策影视","传媒",,,,"缺失","False",,,,,,"missing"
"300134.SZ","300134","大富科技","通信",,,,"缺失","False",,,,,,"missing"
"300153.SZ","300153","科泰电源","电力设备",,,,"缺失","False",,,,,,"missing"
"300166.SZ","300166","东方国信","计算机",,,,"缺失","False",,,,,,"missing"
"300170.SZ","300170","汉得信息","计算机",,,,"缺失","False",,,,,,"missing"
"300171.SZ","300171","东富龙","医药生物",,,,"缺失","False",,,,,,"missing"
"300180.SZ","300180","华峰超纤","基础化工",,,,"缺失","False",,,,,,"missing"
"300181.SZ","300181","佐力药业","医药生物",,,,"缺失","False",,,,,,"missing"
"300182.SZ","300182","捷成股份","传媒",,,,"缺失","False",,,,,,"missing"
"300184.SZ","300184","力源信息","电子",,,,"缺失","False",,,,,,"missing"
"300185.SZ","300185","通裕重工","电力设备",,,,"缺失","False",,,,,,"missing"
"300188.SZ","300188","国投智能","计算机",,,,"缺失","False",,,,,,"missing"
"300199.SZ","300199","翰宇药业","医药生物",,,,"缺失","False",,,,,,"missing"
"300224.SZ","300224","正海磁材","有色金属",,,,"缺失","False",,,,,,"missing"
"300229.SZ","300229","拓尔思","计算机",,,,"缺失","False",,,,,,"missing"
"300236.SZ","300236","上海新阳","电子",,,,"缺失","False",,,,,,"missing"
"300244.SZ","300244","迪安诊断","医药生物",,,,"缺失","False",,,,,,"missing"
"300253.SZ","300253","卫宁健康","计算机",,,,"缺失","False",,,,,,"missing"
"300257.SZ","300257","开山股份","机械设备",,,,"缺失","False",,,,,,"missing"
"300260.SZ","300260","新莱应材","机械设备",,,,"缺失","False",,,,,,"missing"
"300276.SZ","300276","三丰智能","机械设备",,,,"缺失","False",,,,,,"missing"
"300284.SZ","300284","苏交科","建筑装饰",,,,"缺失","False",,,,,,"missing"
"300294.SZ","300294","博雅生物","医药生物",,,,"缺失","False",,,,,,"missing"
"300296.SZ","300296","利亚德","电子",,,,"缺失","False",,,,,,"missing"
"300298.SZ","300298","三诺生物","医药生物",,,,"缺失","False",,,,,,"missing"
"300303.SZ","300303","聚飞光电","电子",,,,"缺失","False",,,,,,"missing"
"300315.SZ","300315","掌趣科技","传媒",,,,"缺失","False",,,,,,"missing"
"300319.SZ","300319","麦捷科技","电子",,,,"缺失","False",,,,,,"missing"
"300322.SZ","300322","硕贝德","电子",,,,"缺失","False",,,,,,"missing"
"300323.SZ","300323","华灿光电","电子",,,,"缺失","False",,,,,,"missing"
"300327.SZ","300327","中颖电子","电子",,,,"缺失","False",,,,,,"missing"
"300337.SZ","300337","银邦股份","有色金属",,,,"缺失","False",,,,,,"missing"
"300341.SZ","300341","麦克奥迪","医药生物",,,,"缺失","False",,,,,,"missing"
"300342.SZ","300342","天银机电","家用电器",,,,"缺失","False",,,,,,"missing"
"300348.SZ","300348","长亮科技","计算机",,,,"缺失","False",,,,,,"missing"
"300353.SZ","300353","东土科技","通信",,,,"缺失","False",,,,,,"missing"
"300357.SZ","300357","我武生物","医药生物",,,,"缺失","False",,,,,,"missing"
"300360.SZ","300360","炬华科技","电力设备",,,,"缺失","False",,,,,,"missing"
"300363.SZ","300363","博腾股份","医药生物",,,,"缺失","False",,,,,,"missing"
"300376.SZ","300376","易事特","电力设备",,,,"缺失","False",,,,,,"missing"
"300378.SZ","300378","鼎捷数智","计算机",,,,"缺失","False",,,,,,"missing"
"300398.SZ","300398","飞凯材料","电子",,,,"缺失","False",,,,,,"missing"
"300409.SZ","300409","道氏技术","电力设备",,,,"缺失","False",,,,,,"missing"
"300415.SZ","300415","伊之密","机械设备","0",,,"低","False",,"1391",,,,"ok"
"300416.SZ","300416","苏试试验","社会服务",,,,"缺失","False",,,,,,"missing"
"300428.SZ","300428","立中集团","汽车",,,,"缺失","False",,,,,,"missing"
"300438.SZ","300438","鹏辉能源","电力设备",,,,"缺失","False",,,,,,"missing"
"300443.SZ","300443","金雷股份","电力设备",,,,"缺失","False",,,,,,"missing"
"300446.SZ","300446","航天智造","汽车",,,,"缺失","False",,,,,,"missing"
"300455.SZ","300455","航天智装","计算机",,,,"缺失","False",,,,,,"missing"
"300456.SZ","300456","赛微电子","电子",,,,"缺失","False",,,,,,"missing"
"300457.SZ","300457","赢合科技","电力设备",,,,"缺失","False",,,,,,"missing"
"300459.SZ","300459","汤姆猫","传媒",,,,"缺失","False",,,,,,"missing"
"300468.SZ","300468","四方精创","计算机",,,,"缺失","False",,,,,,"missing"
"300482.SZ","300482","万孚生物","医药生物",,,,"缺失","False",,,,,,"missing"
"300492.SZ","300492","华图山鼎","建筑装饰",,,,"缺失","False",,,,,,"missing"
"300493.SZ","300493","润欣科技","电子",,,,"缺失","False",,,,,,"missing"
"300503.SZ","300503","昊志机电","机械设备",,,,"缺失","False",,,,,,"missing"
"300525.SZ","300525","博思软件","计算机",,,,"缺失","False",,,,,,"missing"
"300529.SZ","300529","健帆生物","医药生物",,,,"缺失","False",,,,,,"missing"
"300568.SZ","300568","星源材质","电力设备",,,,"缺失","False",,,,,,"missing"
"300573.SZ","300573","兴齐眼药","医药生物",,,,"缺失","False",,,,,,"missing"
"300576.SZ","300576","容大感光","电子",,,,"缺失","False",,,,,,"missing"
"300579.SZ","300579","数字认证","计算机",,,,"缺失","False",,,,,,"missing"
"300580.SZ","300580","贝斯特","汽车",,,,"缺失","False",,,,,,"missing"
"300593.SZ","300593","新雷能","电力设备",,,,"缺失","False",,,,,,"missing"
"300595.SZ","300595","欧普康视","医药生物","0",,,"低","False",,,,,"69","ok"
"300598.SZ","300598","诚迈科技","计算机",,,,"缺失","False",,,,,,"missing"
"300601.SZ","300601","康泰生物","医药生物",,,,"缺失","False",,,,,,"missing"
"300602.SZ","300602","飞荣达","电子",,,,"缺失","False",,,,,,"missing"
"300607.SZ","300607","拓斯达","机械设备",,,,"缺失","False",,,,,,"missing"
"300613.SZ","300613","富瀚微","电子",,,,"缺失","False",,,,,,"missing"
"300618.SZ","300618","寒锐钴业","有色金属",,,,"缺失","False",,,,,,"missing"
"300624.SZ","300624","万兴科技","计算机",,,,"缺失","False",,,,,,"missing"
"300633.SZ","300633","开立医疗","医药生物",,,,"缺失","False",,,,,,"missing"
"300634.SZ","300634","彩讯股份","计算机",,,,"缺失","False",,,,,,"missing"
"300638.SZ","300638","广和通","通信",,,,"缺失","False",,,,,,"missing"
"300641.SZ","300641","正丹股份","基础化工",,,,"缺失","False",,,,,,"missing"
"300655.SZ","300655","晶瑞电材","电子",,,,"缺失","False",,,,,,"missing"
"300657.SZ","300657","弘信电子","电子",,,,"缺失","False",,,,,,"missing"
"300660.SZ","300660","江苏雷利","电力设备",,,,"缺失","False",,,,,,"missing"
"300672.SZ","300672","国科微","电子",,,,"缺失","False",,,,,,"missing"
"300674.SZ","300674","宇信科技","计算机",,,,"缺失","False",,,,,,"missing"
"300678.SZ","300678","中科信息","计算机",,,,"缺失","False",,,,,,"missing"
"300680.SZ","300680","隆盛科技","汽车",,,,"缺失","False",,,,,,"missing"
"300682.SZ","300682","朗新科技","计算机",,,,"缺失","False",,,,,,"missing"
"300684.SZ","300684","中石科技","电子",,,,"缺失","False",,,,,,"missing"
"300685.SZ","300685","艾德生物","医药生物",,,,"缺失","False",,,,,,"missing"
"300687.SZ","300687","赛意信息","计算机",,,,"缺失","False",,,,,,"missing"
"300693.SZ","300693","盛弘股份","电力设备",,,,"缺失","False",,,,,,"missing"
"300702.SZ","300702","天宇股份","医药生物",,,,"缺失","False",,,,,,"missing"
"300723.SZ","300723","一品红","医药生物",,,,"缺失","False",,,,,,"missing"
"300725.SZ","300725","药石科技","医药生物",,,,"缺失","False",,,,,,"missing"
"300726.SZ","300726","宏达电子","国防军工",,,,"缺失","False",,,,,,"missing"
"300738.SZ","300738","奥飞数据","通信",,,,"缺失","False",,,,,,"missing"
"300747.SZ","300747","锐科激光","机械设备",,,,"缺失","False",,,,,,"missing"
"300761.SZ","300761","立华股份","农林牧渔",,,,"缺失","False",,,,,,"missing"
"300762.SZ","300762","上海瀚讯","国防军工",,,,"缺失","False",,,,,,"missing"
"300768.SZ","300768","迪普科技","计算机",,,,"缺失","False",,,,,,"missing"
"300770.SZ","300770","新媒股份","传媒",,,,"缺失","False",,,,,,"missing"
"300772.SZ","300772","运达股份","电力设备",,,,"缺失","False",,,,,,"missing"
"300773.SZ","300773","拉卡拉","非银金融",,,,"缺失","False",,,,,,"missing"
"300775.SZ","300775","三角防务","国防军工",,,,"缺失","False",,,,,,"missing"
"300776.SZ","300776","帝尔激光","电力设备",,,,"缺失","False",,,,,,"missing"
"300777.SZ","300777","中简科技","国防军工",,,,"缺失","False",,,,,,"missing"
"300779.SZ","300779","惠城环保","环保",,,,"缺失","False",,,,,,"missing"
"300783.SZ","300783","三只松鼠","食品饮料",,,,"缺失","False",,,,,,"missing"
"300806.SZ","300806","斯迪克","基础化工",,,,"缺失","False",,,,,,"missing"
"300809.SZ","300809","华辰装备","机械设备",,,,"缺失","False",,,,,,"missing"
"300811.SZ","300811","铂科新材","有色金属",,,,"缺失","False",,,,,,"missing"
"300814.SZ","300814","中富电路","电子",,,,"缺失","False",,,,,,"missing"
"300820.SZ","300820","英杰电气","电力设备",,,,"缺失","False",,,,,,"missing"
"300821.SZ","300821","东岳硅材","基础化工","0.333333333333333",,,"中","False","88",,"97",,"13","ok"
"300827.SZ","300827","上能电气","电力设备",,,,"缺失","False",,,,,,"missing"
"300841.SZ","300841","康华生物","医药生物",,,,"缺失","False",,,,,,"missing"
"300850.SZ","300850","新强联","电力设备",,,,"缺失","False",,,,,,"missing"
"300855.SZ","300855","图南股份","有色金属",,,,"缺失","False",,,,,,"missing"
"300861.SZ","300861","美畅股份","机械设备",,,,"缺失","False",,,,,,"missing"
"300870.SZ","300870","欧陆通","电力设备",,,,"缺失","False",,,,,,"missing"
"300872.SZ","300872","天阳科技","计算机",,,,"缺失","False",,,,,,"missing"
"300910.SZ","300910","瑞丰新材","基础化工",,,,"缺失","False",,,,,,"missing"
"300913.SZ","300913","兆龙互连","通信",,,,"缺失","False",,,,,,"missing"
"300925.SZ","300925","法本信息","计算机",,,,"缺失","False",,,,,,"missing"
"300926.SZ","300926","博俊科技","汽车",,,,"缺失","False",,,,,,"missing"
"300969.SZ","300969","恒帅股份","汽车",,,,"缺失","False",,,,,,"missing"
"300990.SZ","300990","同飞股份","机械设备",,,,"缺失","False",,,,,,"missing"
"301000.SZ","301000","肇民科技","汽车",,,,"缺失","False",,,,,,"missing"
"301005.SZ","301005","超捷股份","汽车",,,,"缺失","False",,,,,,"missing"
"301015.SZ","301015","百洋医药","医药生物",,,,"缺失","False",,,,,,"missing"
"301018.SZ","301018","申菱环境","机械设备",,,,"缺失","False",,,,,,"missing"
"301029.SZ","301029","怡合达","机械设备",,,,"缺失","False",,,,,,"missing"
"301031.SZ","301031","中熔电气","电子",,,,"缺失","False",,,,,,"missing"
"301035.SZ","301035","润丰股份","基础化工",,,,"缺失","False",,,,,,"missing"
"301039.SZ","301039","中集车辆","汽车","0",,,"低","False",,"2046",,,,"ok"
"301047.SZ","301047","义翘神州","医药生物",,,,"缺失","False",,,,,,"missing"
"301050.SZ","301050","雷电微力","国防军工",,,,"缺失","False",,,,,,"missing"
"301061.SZ","301061","匠心家居","轻工制造",,,,"缺失","False",,,,,,"missing"
"301071.SZ","301071","力量钻石","基础化工",,,,"缺失","False",,,,,,"missing"
"301078.SZ","301078","孩子王","商贸零售",,,,"缺失","False",,,,,,"missing"
"301087.SZ","301087","可孚医疗","医药生物",,,,"缺失","False",,,,,,"missing"
"301091.SZ","301091","深城交","建筑装饰",,,,"缺失","False",,,,,,"missing"
"301095.SZ","301095","广立微","计算机",,,,"缺失","False",,,,,,"missing"
"301101.SZ","301101","明月镜片","轻工制造",,,,"缺失","False",,,,,,"missing"
"301109.SZ","301109","军信股份","环保",,,,"缺失","False",,,,,,"missing"
"301127.SZ","301127","武汉天源","环保",,,,"缺失","False",,,,,,"missing"
"301153.SZ","301153","中科江南","计算机",,,,"缺失","False",,,,,,"missing"
"301155.SZ","301155","海力风电","电力设备",,,,"缺失","False",,,,,,"missing"
"301171.SZ","301171","易点天下","传媒",,,,"缺失","False",,,,,,"missing"
"301175.SZ","301175","中科环保","环保",,,,"缺失","False",,,,,,"missing"
"301177.SZ","301177","迪阿股份","纺织服饰",,,,"缺失","False",,,,,,"missing"
"301196.SZ","301196","唯科科技","基础化工",,,,"缺失","False",,,,,,"missing"
"301205.SZ","301205","联特科技","通信",,,,"缺失","False",,,,,,"missing"
"301207.SZ","301207","华兰疫苗","医药生物",,,,"缺失","False",,,,,,"missing"
"301215.SZ","301215","中汽股份","汽车",,,,"缺失","False",,,,,,"missing"
"301216.SZ","301216","万凯新材","基础化工",,,,"缺失","False",,,,,,"missing"
"301217.SZ","301217","铜冠铜箔","电力设备",,,,"缺失","False",,,,,,"missing"
"301219.SZ","301219","腾远钴业","有色金属",,,,"缺失","False",,,,,,"missing"
"301225.SZ","301225","恒勃股份","汽车","0",,,"低","False",,"1687",,,,"ok"
"301238.SZ","301238","瑞泰新材","电力设备",,,,"缺失","False",,,,,,"missing"
"301262.SZ","301262","海看股份","传媒",,,,"缺失","False",,,,,,"missing"
"301263.SZ","301263","泰恩康","医药生物","0",,,"低","False",,"1440",,,,"ok"
"301267.SZ","301267","华厦眼科","医药生物",,,,"缺失","False",,,,,,"missing"
"301268.SZ","301268","铭利达","机械设备",,,,"缺失","False",,,,,,"missing"
"301275.SZ","301275","汉朔科技","电子",,,,"缺失","False",,,,,,"missing"
"301291.SZ","301291","明阳电气","电力设备",,,,"缺失","False",,,,,,"missing"
"301293.SZ","301293","三博脑科","医药生物",,,,"缺失","False",,,,,,"missing"
"301297.SZ","301297","富乐德","电子",,,,"缺失","False",,,,,,"missing"
"301316.SZ","301316","慧博云通","计算机",,,,"缺失","False",,,,,,"missing"
"301327.SZ","301327","华宝新能","电力设备",,,,"缺失","False",,,,,,"missing"
"301339.SZ","301339","通行宝","计算机",,,,"缺失","False",,,,,,"missing"
"301345.SZ","301345","涛涛车业","汽车",,,,"缺失","False",,,,,,"missing"
"301363.SZ","301363","美好医疗","医药生物",,,,"缺失","False",,,,,,"missing"
"301371.SZ","301371","敷尔佳","美容护理",,,,"缺失","False",,,,,,"missing"
"301381.SZ","301381","赛维时代","商贸零售","0",,,"低","False",,"518",,,,"ok"
"301389.SZ","301389","隆扬电子","电子",,,,"缺失","False",,,,,,"missing"
"301392.SZ","301392","汇成真空","机械设备",,,,"缺失","False",,,,,,"missing"
"301396.SZ","301396","宏景科技","计算机",,,,"缺失","False",,,,,,"missing"
"301413.SZ","301413","安培龙","机械设备",,,,"缺失","False",,,,,,"missing"
"301421.SZ","301421","波长光电","电子",,,,"缺失","False",,,,,,"missing"
"301458.SZ","301458","钧崴电子","电子",,,,"缺失","False",,,,,,"missing"
"301487.SZ","301487","盟固利","电力设备",,,,"缺失","False",,,,,,"missing"
"301488.SZ","301488","豪恩汽电","汽车",,,,"缺失","False",,,,,,"missing"
"301489.SZ","301489","思泉新材","电子",,,,"缺失","False",,,,,,"missing"
"301500.SZ","301500","飞南资源","环保",,,,"缺失","False",,,,,,"missing"
"301510.SZ","301510","固高科技","机械设备",,,,"缺失","False",,,,,,"missing"
"301511.SZ","301511","德福科技","电力设备",,,,"缺失","False",,,,,,"missing"
"301522.SZ","301522","上大股份","有色金属",,,,"缺失","False",,,,,,"missing"
"301550.SZ","301550","斯菱智驱","汽车",,,,"缺失","False",,,,,,"missing"
"301551.SZ","301551","无线传媒","传媒",,,,"缺失","False",,,,,,"missing"
"301556.SZ","301556","托普云农","计算机",,,,"缺失","False",,,,,,"missing"
"301563.SZ","301563","云汉芯城","电子",,,,"缺失","False",,,,,,"missing"
"301565.SZ","301565","中仑新材","基础化工",,,,"缺失","False",,,,,,"missing"
"301571.SZ","301571","国科天成","国防军工",,,,"缺失","False",,,,,,"missing"
"301584.SZ","301584","建发致新","医药生物",,,,"缺失","False",,,,,,"missing"
"301589.SZ","301589","诺瓦星云","计算机",,,,"缺失","False",,,,,,"missing"
"301592.SZ","301592","六九一二","国防军工",,,,"缺失","False",,,,,,"missing"
"301600.SZ","301600","慧翰股份","计算机",,,,"缺失","False",,,,,,"missing"
"301602.SZ","301602","超研股份","医药生物",,,,"缺失","False",,,,,,"missing"
"301622.SZ","301622","英思特","有色金属",,,,"缺失","False",,,,,,"missing"
"301626.SZ","301626","苏州天脉","电子",,,,"缺失","False",,,,,,"missing"
"301631.SZ","301631","壹连科技","汽车",,,,"缺失","False",,,,,,"missing"
"301632.SZ","301632","广东建科","社会服务",,,,"缺失","False",,,,,,"missing"
"301658.SZ","301658","首航新能","电力设备",,,,"缺失","False",,,,,,"missing"
"301662.SZ","301662","宏工科技","电力设备",,,,"缺失","False",,,,,,"missing"
"301665.SZ","301665","泰禾股份","基础化工",,,,"缺失","False",,,,,,"missing"
"301678.SZ","301678","新恒汇","电子",,,,"缺失","False",,,,,,"missing"
"600006.SH","600006","东风股份","汽车",,,,"缺失","False",,,,,,"missing"
"600012.SH","600012","皖通高速","交通运输",,,,"缺失","False",,,,,,"missing"
"600017.SH","600017","日照港","交通运输",,,,"缺失","False",,,,,,"missing"
"600022.SH","600022","山东钢铁","钢铁",,,,"缺失","False",,,,,,"missing"
"600033.SH","600033","福建高速","交通运输",,,,"缺失","False",,,,,,"missing"
"600037.SH","600037","歌华有线","传媒",,,,"缺失","False",,,,,,"missing"
"600055.SH","600055","万东医疗","医药生物",,,,"缺失","False",,,,,,"missing"
"600056.SH","600056","中国医药","医药生物",,,,"缺失","False",,,,,,"missing"
"600057.SH","600057","厦门象屿","交通运输",,,,"缺失","False",,,,,,"missing"
"600058.SH","600058","五矿发展","商贸零售",,,,"缺失","False",,,,,,"missing"
"600059.SH","600059","古越龙山","食品饮料",,,,"缺失","False",,,,,,"missing"
"600063.SH","600063","皖维高新","基础化工",,,,"缺失","False",,,,,,"missing"
"600064.SH","600064","南京高科","房地产",,,,"缺失","False",,,,,,"missing"
"600072.SH","600072","中船科技","电力设备",,,,"缺失","False",,,,,,"missing"
"600075.SH","600075","新疆天业","基础化工",,,,"缺失","False",,,,,,"missing"
"600094.SH","600094","大名城","房地产",,,,"缺失","False",,,,,,"missing"
"600113.SH","600113","浙江东日","商贸零售",,,,"缺失","False",,,,,,"missing"
"600114.SH","600114","东睦股份","机械设备",,,,"缺失","False",,,,,,"missing"
"600116.SH","600116","三峡水利","公用事业",,,,"缺失","False",,,,,,"missing"
"600120.SH","600120","浙江东方","未映射",,,,"缺失","False",,,,,,"missing"
"600123.SH","600123","兰花科创","煤炭",,,,"缺失","False",,,,,,"missing"
"600129.SH","600129","太极集团","医药生物",,,,"缺失","False",,,,,,"missing"
"600133.SH","600133","东湖高新","环保",,,,"缺失","False",,,,,,"missing"
"600151.SH","600151","航天机电","电力设备",,,,"缺失","False",,,,,,"missing"
"600155.SH","600155","华创云信","非银金融",,,,"缺失","False",,,,,,"missing"
"600158.SH","600158","中体产业","社会服务",,,,"缺失","False",,,,,,"missing"
"600163.SH","600163","中闽能源","公用事业",,,,"缺失","False",,,,,,"missing"
"600167.SH","600167","联美控股","公用事业",,,,"缺失","False",,,,,,"missing"
"600179.SH","600179","安通控股","交通运输",,,,"缺失","False",,,,,,"missing"
"600184.SH","600184","光电股份","国防军工",,,,"缺失","False",,,,,,"missing"
"600185.SH","600185","珠免集团","商贸零售",,,,"缺失","False",,,,,,"missing"
"600186.SH","600186","莲花控股","食品饮料","0",,,"低","False","59",,,,,"ok"
"600201.SH","600201","生物股份","农林牧渔",,,,"缺失","False",,,,,,"missing"
"600206.SH","600206","有研新材","电子","0.5",,,"中","False","40",,"86",,,"ok"
"600210.SH","600210","紫江企业","轻工制造",,,,"缺失","False",,,,,,"missing"
"600211.SH","600211","西藏药业","医药生物",,,,"缺失","False",,,,,,"missing"
"600216.SH","600216","浙江医药","医药生物",,,,"缺失","False",,,,,,"missing"
"600226.SH","600226","亨通股份","公用事业",,,,"缺失","False",,,,,,"missing"
"600246.SH","600246","万通发展","房地产",,,,"缺失","False",,,,,,"missing"
"600248.SH","600248","陕建股份","建筑装饰",,,,"缺失","False",,,,,,"missing"
"600252.SH","600252","中恒集团","医药生物",,,,"缺失","False",,,,,,"missing"
"600258.SH","600258","首旅酒店","社会服务",,,,"缺失","False",,,,,,"missing"
"600259.SH","600259","中稀有色","有色金属",,,,"缺失","False",,,,,,"missing"
"600266.SH","600266","城建发展","房地产",,,,"缺失","False",,,,,,"missing"
"600267.SH","600267","海正药业","医药生物",,,,"缺失","False",,,,,,"missing"
"600268.SH","600268","国电南自","电力设备",,,,"缺失","False",,,,,,"missing"
"600269.SH","600269","赣粤高速","交通运输",,,,"缺失","False",,,,,,"missing"
"600273.SH","600273","嘉化能源","基础化工",,,,"缺失","False",,,,,,"missing"
"600285.SH","600285","羚锐制药","医药生物",,,,"缺失","False",,,,,,"missing"
"600301.SH","600301","华锡有色","有色金属",,,,"缺失","False",,,,,,"missing"
"600305.SH","600305","恒顺醋业","食品饮料",,,,"缺失","False",,,,,,"missing"
"600315.SH","600315","上海家化","美容护理",,,,"缺失","False",,,,,,"missing"
"600320.SH","600320","振华重工","机械设备",,,,"缺失","False",,,,,,"missing"
"600323.SH","600323","瀚蓝环境","环保",,,,"缺失","False",,,,,,"missing"
"600325.SH","600325","华发股份","房地产",,,,"缺失","False",,,,,,"missing"
"600328.SH","600328","中盐化工","基础化工",,,,"缺失","False",,,,,,"missing"
"600330.SH","600330","天通股份","电子",,,,"缺失","False",,,,,,"missing"
"600331.SH","600331","宏达股份","基础化工",,,,"缺失","False",,,,,,"missing"
"600335.SH","600335","国机汽车","汽车",,,,"缺失","False",,,,,,"missing"
"600338.SH","600338","西藏珠峰","有色金属",,,,"缺失","False",,,,,,"missing"
"600345.SH","600345","长江通信","通信",,,,"缺失","False",,,,,,"missing"
"600353.SH","600353","旭光电子","电子",,,,"缺失","False",,,,,,"missing"
"600361.SH","600361","创新新材","有色金属",,,,"缺失","False",,,,,,"missing"
"600366.SH","600366","宁波韵升","有色金属",,,,"缺失","False",,,,,,"missing"
"600373.SH","600373","中文传媒","传媒",,,,"缺失","False",,,,,,"missing"
"600388.SH","600388","龙净环保","环保",,,,"缺失","False",,,,,,"missing"
"600389.SH","600389","江山股份","未映射",,,,"缺失","False",,,,,,"missing"
"600391.SH","600391","航发科技","国防军工",,,,"缺失","False",,,,,,"missing"
"600395.SH","600395","盘江股份","煤炭",,,,"缺失","False",,,,,,"missing"
"600399.SH","600399","抚顺特钢","钢铁",,,,"缺失","False",,,,,,"missing"
"600403.SH","600403","大有能源","煤炭","0",,,"低","False","89",,,,,"ok"
"600409.SH","600409","三友化工","基础化工",,,,"缺失","False",,,,,,"missing"
"600416.SH","600416","湘电股份","电力设备",,,,"缺失","False",,,,,,"missing"
"600420.SH","600420","国药现代","未映射","1",,,"高","True",,,,,"46","ok"
"600422.SH","600422","昆药集团","医药生物",,,,"缺失","False",,,,,,"missing"
"600428.SH","600428","中远海特","交通运输",,,,"缺失","False",,,,,,"missing"
"600446.SH","600446","金证股份","计算机",,,,"缺失","False",,,,,,"missing"
"600452.SH","600452","涪陵电力","公用事业",,,,"缺失","False",,,,,,"missing"
"600456.SH","600456","宝钛股份","未映射",,,,"缺失","False",,,,,,"missing"
"600458.SH","600458","时代新材","机械设备",,,,"缺失","False",,,,,,"missing"
"600459.SH","600459","贵研铂业","有色金属",,,,"缺失","False",,,,,,"missing"
"600461.SH","600461","洪城环境","环保",,,,"缺失","False",,,,,,"missing"
"600475.SH","600475","华光环能","公用事业",,,,"缺失","False",,,,,,"missing"
"600478.SH","600478","科力远","电力设备",,,,"缺失","False",,,,,,"missing"
"600480.SH","600480","凌云股份","未映射",,,,"缺失","False",,,,,,"missing"
"600490.SH","600490","鹏欣资源","有色金属",,,,"缺失","False",,,,,,"missing"
"600502.SH","600502","安徽建工","建筑装饰",,,,"缺失","False",,,,,,"missing"
"600507.SH","600507","方大特钢","钢铁",,,,"缺失","False",,,,,,"missing"
"600508.SH","600508","上海能源","煤炭",,,,"缺失","False",,,,,,"missing"
"600509.SH","600509","天富能源","公用事业",,,,"缺失","False",,,,,,"missing"
"600528.SH","600528","中铁工业","机械设备",,,,"缺失","False",,,,,,"missing"
"600529.SH","600529","山东药玻","医药生物",,,,"缺失","False",,,,,,"missing"
"600531.SH","600531","豫光金铅","有色金属",,,,"缺失","False",,,,,,"missing"
"600550.SH","600550","保变电气","电力设备",,,,"缺失","False",,,,,,"missing"
"600552.SH","600552","凯盛科技","电子",,,,"缺失","False",,,,,,"missing"
"600556.SH","600556","天下秀","传媒",,,,"缺失","False",,,,,,"missing"
"600557.SH","600557","康缘药业","医药生物",,,,"缺失","False",,,,,,"missing"
"600559.SH","600559","老白干酒","食品饮料",,,,"缺失","False",,,,,,"missing"
"600572.SH","600572","康恩贝","医药生物",,,,"缺失","False",,,,,,"missing"
"600575.SH","600575","淮河能源","煤炭",,,,"缺失","False",,,,,,"missing"
"600577.SH","600577","精达股份","电力设备",,,,"缺失","False",,,,,,"missing"
"600587.SH","600587","新华医疗","医药生物",,,,"缺失","False",,,,,,"missing"
"600596.SH","600596","新安股份","基础化工",,,,"缺失","False",,,,,,"missing"
"600597.SH","600597","光明乳业","食品饮料",,,,"缺失","False",,,,,,"missing"
"600612.SH","600612","老凤祥","纺织服饰",,,,"缺失","False",,,,,,"missing"
"600618.SH","600618","氯碱化工","基础化工",,,,"缺失","False",,,,,,"missing"
"600619.SH","600619","海立股份","家用电器",,,,"缺失","False",,,,,,"missing"
"600621.SH","600621","华鑫股份","非银金融",,,,"缺失","False",,,,,,"missing"
"600623.SH","600623","华谊集团","基础化工",,,,"缺失","False",,,,,,"missing"
"600629.SH","600629","华建集团","建筑装饰",,,,"缺失","False",,,,,,"missing"
"600633.SH","600633","浙数文化","传媒",,,,"缺失","False",,,,,,"missing"
"600635.SH","600635","大众公用","公用事业",,,,"缺失","False",,,,,,"missing"
"600639.SH","600639","浦东金桥","房地产",,,,"缺失","False",,,,,,"missing"
"600640.SH","600640","国脉文化","传媒",,,,"缺失","False",,,,,,"missing"
"600641.SH","600641","先导基电","房地产","0",,,"低","False",,,,"88",,"ok"
"600643.SH","600643","爱建集团","非银金融",,,,"缺失","False",,,,,,"missing"
"600645.SH","600645","中源协和","医药生物",,,,"缺失","False",,,,,,"missing"
"600649.SH","600649","城投控股","房地产",,,,"缺失","False",,,,,,"missing"
"600651.SH","600651","飞乐音响","汽车",,,,"缺失","False",,,,,,"missing"
"600654.SH","600654","中安科","计算机",,,,"缺失","False",,,,,,"missing"
"600657.SH","600657","信达地产","房地产",,,,"缺失","False",,,,,,"missing"
"600662.SH","600662","外服控股","社会服务",,,,"缺失","False",,,,,,"missing"
"600664.SH","600664","哈药股份","医药生物","1",,,"高","True","6",,,,,"ok"
"600667.SH","600667","太极实业","建筑装饰","0.5",,,"中","False","17",,"84",,,"ok"
"600675.SH","600675","中华企业","房地产",,,,"缺失","False",,,,,,"missing"
"600682.SH","600682","南京新百","综合",,,,"缺失","False",,,,,,"missing"
"600686.SH","600686","金龙汽车","汽车",,,,"缺失","False",,,,,,"missing"
"600710.SH","600710","苏美达","商贸零售",,,,"缺失","False",,,,,,"missing"
"600717.SH","600717","天津港","交通运输",,,,"缺失","False",,,,,,"missing"
"600718.SH","600718","东软集团","计算机",,,,"缺失","False",,,,,,"missing"
"600726.SH","600726","华电能源","公用事业",,,,"缺失","False",,,,,,"missing"
"600728.SH","600728","佳都科技","计算机",,,,"缺失","False",,,,,,"missing"
"600729.SH","600729","重百集团","商贸零售",,,,"缺失","False",,,,,,"missing"
"600739.SH","600739","辽宁成大","医药生物",,,,"缺失","False",,,,,,"missing"
"600740.SH","600740","山西焦化","煤炭",,,,"缺失","False",,,,,,"missing"
"600744.SH","600744","华银电力","公用事业",,,,"缺失","False",,,,,,"missing"
"600746.SH","600746","江苏索普","基础化工",,,,"缺失","False",,,,,,"missing"
"600750.SH","600750","华润江中","医药生物",,,,"缺失","False",,,,,,"missing"
"600751.SH","600751","海航科技","交通运输",,,,"缺失","False",,,,,,"missing"
"600757.SH","600757","长江传媒","传媒",,,,"缺失","False",,,,,,"missing"
"600761.SH","600761","安徽合力","机械设备",,,,"缺失","False",,,,,,"missing"
"600771.SH","600771","广誉远","医药生物",,,,"缺失","False",,,,,,"missing"
"600773.SH","600773","西藏城投","房地产",,,,"缺失","False",,,,,,"missing"
"600776.SH","600776","东方通信","通信",,,,"缺失","False",,,,,,"missing"
"600782.SH","600782","新钢股份","未映射",,,,"缺失","False",,,,,,"missing"
"600783.SH","600783","鲁信创投","机械设备",,,,"缺失","False",,,,,,"missing"
"600787.SH","600787","中储股份","交通运输",,,,"缺失","False",,,,,,"missing"
"600789.SH","600789","鲁抗医药","医药生物",,,,"缺失","False",,,,,,"missing"
"600812.SH","600812","华北制药","医药生物",,,,"缺失","False",,,,,,"missing"
"600821.SH","600821","金开新能","公用事业",,,,"缺失","False",,,,,,"missing"
"600827.SH","600827","百联股份","商贸零售",,,,"缺失","False",,,,,,"missing"
"600835.SH","600835","上海机电","机械设备",,,,"缺失","False",,,,,,"missing"
"600850.SH","600850","电科数字","计算机",,,,"缺失","False",,,,,,"missing"
"600859.SH","600859","王府井","商贸零售",,,,"缺失","False",,,,,,"missing"
"600864.SH","600864","哈投股份","非银金融",,,,"缺失","False",,,,,,"missing"
"600866.SH","600866","星湖科技","基础化工",,,,"缺失","False",,,,,,"missing"
"600867.SH","600867","通化东宝","未映射",,,,"缺失","False",,,,,,"missing"
"600869.SH","600869","远东股份","电力设备",,,,"缺失","False",,,,,,"missing"
"600872.SH","600872","中炬高新","食品饮料",,,,"缺失","False",,,,,,"missing"
"600877.SH","600877","电科芯片","电子",,,,"缺失","False",,,,,,"missing"
"600882.SH","600882","妙可蓝多","食品饮料",,,,"缺失","False",,,,,,"missing"
"600888.SH","600888","新疆众和","有色金属",,,,"缺失","False",,,,,,"missing"
"600908.SH","600908","无锡银行","银行",,,,"缺失","False",,,,,,"missing"
"600916.SH","600916","中国黄金","纺织服饰",,,,"缺失","False",,,,,,"missing"
"600928.SH","600928","西安银行","银行",,,,"缺失","False",,,,,,"missing"
"600929.SH","600929","雪天盐业","基础化工",,,,"缺失","False",,,,,,"missing"
"600933.SH","600933","爱柯迪","汽车",,,,"缺失","False",,,,,,"missing"
"600956.SH","600956","新天绿能","公用事业",,,,"缺失","False",,,,,,"missing"
"600961.SH","600961","株冶集团","有色金属",,,,"缺失","False",,,,,,"missing"
"600963.SH","600963","岳阳林纸","轻工制造",,,,"缺失","False",,,,,,"missing"
"600971.SH","600971","恒源煤电","煤炭",,,,"缺失","False",,,,,,"missing"
"600986.SH","600986","浙文互联","传媒",,,,"缺失","False",,,,,,"missing"
"600993.SH","600993","马应龙","医药生物",,,,"缺失","False",,,,,,"missing"
"600996.SH","600996","贵广网络","传媒",,,,"缺失","False",,,,,,"missing"
"600997.SH","600997","开滦股份","煤炭",,,,"缺失","False",,,,,,"missing"
"601003.SH","601003","柳钢股份","未映射",,,,"缺失","False",,,,,,"missing"
"601020.SH","601020","华钰矿业","有色金属",,,,"缺失","False",,,,,,"missing"
"601022.SH","601022","宁波远洋","交通运输",,,,"缺失","False",,,,,,"missing"
"601026.SH","601026","道生天合","基础化工",,,,"缺失","False",,,,,,"missing"
"601033.SH","601033","永兴股份","环保",,,,"缺失","False",,,,,,"missing"
"601038.SH","601038","一拖股份","机械设备",,,,"缺失","False",,,,,,"missing"
"601068.SH","601068","中铝国际","建筑装饰",,,,"缺失","False",,,,,,"missing"
"601069.SH","601069","西部黄金","有色金属",,,,"缺失","False",,,,,,"missing"
"601083.SH","601083","锦江航运","交通运输",,,,"缺失","False",,,,,,"missing"
"601089.SH","601089","福元医药","医药生物",,,,"缺失","False",,,,,,"missing"
"601096.SH","601096","宏盛华源","建筑装饰",,,,"缺失","False",,,,,,"missing"
"601101.SH","601101","昊华能源","煤炭",,,,"缺失","False",,,,,,"missing"
"601107.SH","601107","四川成渝","交通运输",,,,"缺失","False",,,,,,"missing"
"601126.SH","601126","四方股份","电力设备",,,,"缺失","False",,,,,,"missing"
"601137.SH","601137","博威合金","有色金属",,,,"缺失","False",,,,,,"missing"
"601187.SH","601187","厦门银行","银行",,,,"缺失","False",,,,,,"missing"
"601200.SH","601200","上海环境","环保",,,,"缺失","False",,,,,,"missing"
"601208.SH","601208","东材科技","基础化工",,,,"缺失","False",,,,,,"missing"
"601222.SH","601222","林洋能源","公用事业",,,,"缺失","False",,,,,,"missing"
"601311.SH","601311","骆驼股份","电力设备",,,,"缺失","False",,,,,,"missing"
"601326.SH","601326","秦港股份","交通运输",,,,"缺失","False",,,,,,"missing"
"601333.SH","601333","广深铁路","交通运输",,,,"缺失","False",,,,,,"missing"
"601369.SH","601369","陕鼓动力","未映射",,,,"缺失","False",,,,,,"missing"
"601375.SH","601375","中原证券","非银金融",,,,"缺失","False",,,,,,"missing"
"601519.SH","601519","大智慧","计算机",,,,"缺失","False",,,,,,"missing"
"601528.SH","601528","瑞丰银行","银行",,,,"缺失","False",,,,,,"missing"
"601568.SH","601568","北元化工","基础化工",,,,"缺失","False",,,,,,"missing"
"601595.SH","601595","上海电影","传媒",,,,"缺失","False",,,,,,"missing"
"601606.SH","601606","长城军工","国防军工",,,,"缺失","False",,,,,,"missing"
"601609.SH","601609","金田股份","有色金属",,,,"缺失","False",,,,,,"missing"
"601619.SH","601619","嘉泽新能","公用事业",,,,"缺失","False",,,,,,"missing"
"601636.SH","601636","旗滨集团","建筑材料",,,,"缺失","False",,,,,,"missing"
"601677.SH","601677","明泰铝业","有色金属",,,,"缺失","False",,,,,,"missing"
"601678.SH","601678","滨化股份","未映射",,,,"缺失","False",,,,,,"missing"
"601702.SH","601702","华峰铝业","有色金属",,,,"缺失","False",,,,,,"missing"
"601777.SH","601777","千里科技","汽车",,,,"缺失","False",,,,,,"missing"
"601778.SH","601778","晶科科技","公用事业",,,,"缺失","False",,,,,,"missing"
"601801.SH","601801","皖新传媒","传媒",,,,"缺失","False",,,,,,"missing"
"601858.SH","601858","中国科传","传媒",,,,"缺失","False",,,,,,"missing"
"601860.SH","601860","紫金银行","银行",,,,"缺失","False",,,,,,"missing"
"601882.SH","601882","海天精工","机械设备",,,,"缺失","False",,,,,,"missing"
"601890.SH","601890","亚星锚链","国防军工",,,,"缺失","False",,,,,,"missing"
"601900.SH","601900","南方传媒","传媒",,,,"缺失","False",,,,,,"missing"
"601908.SH","601908","京运通","公用事业",,,,"缺失","False",,,,,,"missing"
"601918.SH","601918","新集能源","煤炭",,,,"缺失","False",,,,,,"missing"
"601921.SH","601921","浙版传媒","传媒",,,,"缺失","False",,,,,,"missing"
"601949.SH","601949","中国出版","传媒",,,,"缺失","False",,,,,,"missing"
"601952.SH","601952","苏垦农发","农林牧渔",,,,"缺失","False",,,,,,"missing"
"601963.SH","601963","重庆银行","银行",,,,"缺失","False",,,,,,"missing"
"601965.SH","601965","中国汽研","汽车",,,,"缺失","False",,,,,,"missing"
"601969.SH","601969","海南矿业","钢铁",,,,"缺失","False",,,,,,"missing"
"601975.SH","601975","招商南油","交通运输",,,,"缺失","False",,,,,,"missing"
"603005.SH","603005","晶方科技","电子",,,,"缺失","False",,,,,,"missing"
"603009.SH","603009","北特科技","汽车",,,,"缺失","False",,,,,,"missing"
"603013.SH","603013","亚普股份","汽车",,,,"缺失","False",,,,,,"missing"
"603014.SH","603014","威高血净","未映射",,,,"缺失","False",,,,,,"missing"
"603025.SH","603025","大豪科技","机械设备",,,,"缺失","False",,,,,,"missing"
"603026.SH","603026","石大胜华","电力设备",,,,"缺失","False",,,,,,"missing"
"603027.SH","603027","千禾味业","食品饮料",,,,"缺失","False",,,,,,"missing"
"603033.SH","603033","三维股份","基础化工",,,,"缺失","False",,,,,,"missing"
"603039.SH","603039","泛微网络","计算机",,,,"缺失","False",,,,,,"missing"
"603043.SH","603043","广州酒家","食品饮料",,,,"缺失","False",,,,,,"missing"
"603055.SH","603055","台华新材","未映射",,,,"缺失","False",,,,,,"missing"
"603057.SH","603057","紫燕食品","食品饮料",,,,"缺失","False",,,,,,"missing"
"603063.SH","603063","禾望电气","电力设备",,,,"缺失","False",,,,,,"missing"
"603072.SH","603072","天和磁材","有色金属",,,,"缺失","False",,,,,,"missing"
"603083.SH","603083","剑桥科技","通信","0",,,"低","False","83",,,,,"ok"
"603093.SH","603093","南华期货","非银金融",,,,"缺失","False",,,,,,"missing"
"603099.SH","603099","长白山","社会服务",,,,"缺失","False",,,,,,"missing"
"603100.SH","603100","川仪股份","机械设备",,,,"缺失","False",,,,,,"missing"
"603103.SH","603103","横店影视","传媒",,,,"缺失","False",,,,,,"missing"
"603108.SH","603108","润达医疗","医药生物",,,,"缺失","False",,,,,,"missing"
"603118.SH","603118","共进股份","通信",,,,"缺失","False",,,,,,"missing"
"603124.SH","603124","江南新材","未映射",,,,"缺失","False",,,,,,"missing"
"603127.SH","603127","昭衍新药","医药生物","1",,,"高","True","5",,"40",,,"ok"
"603132.SH","603132","金徽股份","有色金属",,,,"缺失","False",,,,,,"missing"
"603162.SH","603162","海通发展","交通运输",,,,"缺失","False",,,,,,"missing"
"603166.SH","603166","福达股份","汽车",,,,"缺失","False",,,,,,"missing"
"603169.SH","603169","兰石重装","机械设备",,,,"缺失","False",,,,,,"missing"
"603171.SH","603171","税友股份","计算机",,,,"缺失","False",,,,,,"missing"
"603193.SH","603193","润本股份","美容护理","0",,,"低","False",,"2179",,,,"ok"
"603194.SH","603194","中力股份","未映射",,,,"缺失","False",,,,,,"missing"
"603202.SH","603202","天有为","汽车",,,,"缺失","False",,,,,,"missing"
"603218.SH","603218","日月股份","电力设备",,,,"缺失","False",,,,,,"missing"
"603219.SH","603219","富佳股份","未映射",,,,"缺失","False",,,,,,"missing"
"603220.SH","603220","中贝通信","通信",,,,"缺失","False",,,,,,"missing"
"603227.SH","603227","雪峰科技","基础化工",,,,"缺失","False",,,,,,"missing"
"603236.SH","603236","移远通信","通信",,,,"缺失","False",,,,,,"missing"
"603248.SH","603248","锡华科技","电力设备",,,,"缺失","False",,,,,,"missing"
"603267.SH","603267","鸿远电子","国防军工",,,,"缺失","False",,,,,,"missing"
"603279.SH","603279","景津装备","机械设备",,,,"缺失","False",,,,,,"missing"
"603283.SH","603283","赛腾股份","机械设备",,,,"缺失","False",,,,,,"missing"
"603297.SH","603297","永新光学","电子",,,,"缺失","False",,,,,,"missing"
"603299.SH","603299","苏盐井神","基础化工",,,,"缺失","False",,,,,,"missing"
"603300.SH","603300","海南华铁","非银金融",,,,"缺失","False",,,,,,"missing"
"603301.SH","603301","振德医疗","医药生物",,,,"缺失","False",,,,,,"missing"
"603305.SH","603305","旭升集团","汽车",,,,"缺失","False",,,,,,"missing"
"603306.SH","603306","华懋科技","汽车",,,,"缺失","False",,,,,,"missing"
"603317.SH","603317","天味食品","食品饮料",,,,"缺失","False",,,,,,"missing"
"603319.SH","603319","美湖股份","汽车",,,,"缺失","False",,,,,,"missing"
"603323.SH","603323","苏农银行","银行",,,,"缺失","False",,,,,,"missing"
"603327.SH","603327","福蓉科技","电子",,,,"缺失","False",,,,,,"missing"
"603328.SH","603328","依顿电子","电子",,,,"缺失","False",,,,,,"missing"
"603337.SH","603337","杰克科技","机械设备",,,,"缺失","False",,,,,,"missing"
"603355.SH","603355","莱克电气","家用电器",,,,"缺失","False",,,,,,"missing"
"603358.SH","603358","华达科技","汽车",,,,"缺失","False",,,,,,"missing"
"603360.SH","603360","百傲化学","基础化工",,,,"缺失","False",,,,,,"missing"
"603376.SH","603376","大明电子","汽车",,,,"缺失","False",,,,,,"missing"
"603393.SH","603393","新天然气","公用事业",,,,"缺失","False",,,,,,"missing"
"603395.SH","603395","红四方","基础化工",,,,"缺失","False",,,,,,"missing"
"603402.SH","603402","陕西旅游","社会服务",,,,"缺失","False",,,,,,"missing"
"603406.SH","603406","天富龙","基础化工",,,,"缺失","False",,,,,,"missing"
"603418.SH","603418","友升股份","未映射",,,,"缺失","False",,,,,,"missing"
"603456.SH","603456","九洲药业","医药生物",,,,"缺失","False",,,,,,"missing"
"603477.SH","603477","巨星农牧","农林牧渔",,,,"缺失","False",,,,,,"missing"
"603496.SH","603496","恒为科技","计算机","0",,,"低","False",,,,,"84","ok"
"603505.SH","603505","金石资源","基础化工",,,,"缺失","False",,,,,,"missing"
"603508.SH","603508","思维列控","计算机",,,,"缺失","False",,,,,,"missing"
"603516.SH","603516","淳中科技","计算机","1",,,"高","True",,,,"46",,"ok"
"603530.SH","603530","神马电力","电力设备",,,,"缺失","False",,,,,,"missing"
"603533.SH","603533","掌阅科技","传媒",,,,"缺失","False",,,,,,"missing"
"603556.SH","603556","海兴电力","电力设备",,,,"缺失","False",,,,,,"missing"
"603567.SH","603567","珍宝岛","医药生物",,,,"缺失","False",,,,,,"missing"
"603583.SH","603583","捷昌驱动","机械设备",,,,"缺失","False",,,,,,"missing"
"603588.SH","603588","高能环境","环保",,,,"缺失","False",,,,,,"missing"
"603599.SH","603599","广信股份","基础化工",,,,"缺失","False",,,,,,"missing"
"603612.SH","603612","索通发展","基础化工",,,,"缺失","False",,,,,,"missing"
"603613.SH","603613","国联股份","商贸零售",,,,"缺失","False",,,,,,"missing"
"603619.SH","603619","中曼石油","未映射",,,,"缺失","False",,,,,,"missing"
"603638.SH","603638","艾迪精密","机械设备",,,,"缺失","False",,,,,,"missing"
"603662.SH","603662","柯力传感","机械设备",,,,"缺失","False",,,,,,"missing"
"603663.SH","603663","三祥新材","基础化工",,,,"缺失","False",,,,,,"missing"
"603667.SH","603667","五洲新春","机械设备",,,,"缺失","False",,,,,,"missing"
"603678.SH","603678","火炬电子","国防军工",,,,"缺失","False",,,,,,"missing"
"603690.SH","603690","至纯科技","电子",,,,"缺失","False",,,,,,"missing"
"603693.SH","603693","江苏新能","公用事业",,,,"缺失","False",,,,,,"missing"
"603698.SH","603698","航天工程","未映射",,,,"缺失","False",,,,,,"missing"
"603707.SH","603707","健友股份","医药生物","1",,,"高","True",,,,,"41","ok"
"603713.SH","603713","密尔克卫","未映射",,,,"缺失","False",,,,,,"missing"
"603730.SH","603730","岱美股份","汽车",,,,"缺失","False",,,,,,"missing"
"603733.SH","603733","仙鹤股份","轻工制造",,,,"缺失","False",,,,,,"missing"
"603809.SH","603809","豪能股份","未映射",,,,"缺失","False",,,,,,"missing"
"603826.SH","603826","坤彩科技","基础化工",,,,"缺失","False",,,,,,"missing"
"603866.SH","603866","桃李面包","未映射",,,,"缺失","False",,,,,,"missing"
"603871.SH","603871","嘉友国际","交通运输",,,,"缺失","False",,,,,,"missing"
"603876.SH","603876","鼎胜新材","有色金属",,,,"缺失","False",,,,,,"missing"
"603881.SH","603881","数据港","通信",,,,"缺失","False",,,,,,"missing"
"603883.SH","603883","老百姓","医药生物",,,,"缺失","False",,,,,,"missing"
"603887.SH","603887","城地香江","计算机",,,,"缺失","False",,,,,,"missing"
"603888.SH","603888","新华网","传媒",,,,"缺失","False",,,,,,"missing"
"603915.SH","603915","国茂股份","机械设备",,,,"缺失","False",,,,,,"missing"
"603919.SH","603919","金徽酒","未映射",,,,"缺失","False",,,,,,"missing"
"603927.SH","603927","中科软","计算机",,,,"缺失","False",,,,,,"missing"
"603929.SH","603929","亚翔集成","建筑装饰",,,,"缺失","False",,,,,,"missing"
"603950.SH","603950","长源东谷","未映射",,,,"缺失","False",,,,,,"missing"
"603983.SH","603983","丸美生物","美容护理",,,,"缺失","False",,,,,,"missing"
"603992.SH","603992","松霖科技","未映射",,,,"缺失","False",,,,,,"missing"
"603997.SH","603997","继峰股份","汽车",,,,"缺失","False",,,,,,"missing"
"605011.SH","605011","杭州热电","未映射",,,,"缺失","False",,,,,,"missing"
"605020.SH","605020","永和股份","未映射",,,,"缺失","False",,,,,,"missing"
"605090.SH","605090","九丰能源","公用事业","0",,,"低","False","68",,"59",,,"ok"
"605099.SH","605099","共创草坪","轻工制造",,,,"缺失","False",,,,,,"missing"
"605111.SH","605111","新洁能","电子",,,,"缺失","False",,,,,,"missing"
"605116.SH","605116","奥锐特","医药生物",,,,"缺失","False",,,,,,"missing"
"605118.SH","605118","力鼎光电","计算机",,,,"缺失","False",,,,,,"missing"
"605123.SH","605123","派克新材","国防军工",,,,"缺失","False",,,,,,"missing"
"605196.SH","605196","华通线缆","电力设备",,,,"缺失","False",,,,,,"missing"
"605198.SH","605198","安德利","农林牧渔",,,,"缺失","False",,,,,,"missing"
"605296.SH","605296","神农集团","农林牧渔",,,,"缺失","False",,,,,,"missing"
"605333.SH","605333","沪光股份","汽车",,,,"缺失","False",,,,,,"missing"
"605376.SH","605376","博迁新材","有色金属",,,,"缺失","False",,,,,,"missing"
"605507.SH","605507","国邦医药","未映射",,,,"缺失","False",,,,,,"missing"
"605555.SH","605555","德昌股份","家用电器",,,,"缺失","False",,,,,,"missing"
"605599.SH","605599","菜百股份","纺织服饰",,,,"缺失","False",,,,,,"missing"
"688001.SH","688001","华兴源创","机械设备",,,,"缺失","False",,,,,,"missing"
"688003.SH","688003","天准科技","机械设备",,,,"缺失","False",,,,,,"missing"
"688005.SH","688005","容百科技","电力设备",,,,"缺失","False",,,,,,"missing"
"688006.SH","688006","杭可科技","未映射",,,,"缺失","False",,,,,,"missing"
"688016.SH","688016","心脉医疗","医药生物",,,,"缺失","False",,,,,,"missing"
"688025.SH","688025","杰普特","机械设备",,,,"缺失","False",,,,,,"missing"
"688029.SH","688029","南微医学","医药生物",,,,"缺失","False",,,,,,"missing"
"688031.SH","688031","星环科技","未映射",,,,"缺失","False",,,,,,"missing"
"688032.SH","688032","禾迈股份","电力设备",,,,"缺失","False",,,,,,"missing"
"688048.SH","688048","长光华芯","电子",,,,"缺失","False",,,,,,"missing"
"688050.SH","688050","爱博医疗","医药生物",,,,"缺失","False",,,,,,"missing"
"688062.SH","688062","迈威生物","未映射",,,,"缺失","False",,,,,,"missing"
"688063.SH","688063","派能科技","未映射",,,,"缺失","False",,,,,,"missing"
"688068.SH","688068","热景生物","医药生物",,,,"缺失","False",,,,,,"missing"
"688083.SH","688083","中望软件","未映射",,,,"缺失","False",,,,,,"missing"
"688088.SH","688088","虹软科技","计算机",,,,"缺失","False",,,,,,"missing"
"688091.SH","688091","上海谊众","医药生物","0",,,"低","False",,"1816",,,,"ok"
"688097.SH","688097","博众精工","机械设备",,,,"缺失","False",,,,,,"missing"
"688100.SH","688100","威胜信息","通信",,,,"缺失","False",,,,,,"missing"
"688102.SH","688102","斯瑞新材","有色金属",,,,"缺失","False",,,,,,"missing"
"688106.SH","688106","金宏气体","电子",,,,"缺失","False",,,,,,"missing"
"688107.SH","688107","安路科技","电子",,,,"缺失","False",,,,,,"missing"
"688110.SH","688110","东芯股份","电子","0",,,"低","False",,,,"52",,"ok"
"688116.SH","688116","天奈科技","电力设备",,,,"缺失","False",,,,,,"missing"
"688123.SH","688123","聚辰股份","电子",,,,"缺失","False",,,,,,"missing"
"688127.SH","688127","蓝特光学","电子",,,,"缺失","False",,,,,,"missing"
"688128.SH","688128","中国电研","机械设备",,,,"缺失","False",,,,,,"missing"
"688131.SH","688131","皓元医药","医药生物",,,,"缺失","False",,,,,,"missing"
"688139.SH","688139","海尔生物","医药生物","0",,,"低","False",,"2170",,,,"ok"
"688141.SH","688141","杰华特","电子",,,,"缺失","False",,,,,,"missing"
"688146.SH","688146","中船特气","电子","0",,,"低","False",,,"78",,,"ok"
"688147.SH","688147","微导纳米","电力设备","0",,,"低","False",,,,,"64","ok"
"688150.SH","688150","莱特光电","电子",,,,"缺失","False",,,,,,"missing"
"688153.SH","688153","唯捷创芯","电子",,,,"缺失","False",,,,,,"missing"
"688158.SH","688158","优刻得","未映射",,,,"缺失","False",,,,,,"missing"
"688165.SH","688165","埃夫特","未映射",,,,"缺失","False",,,,,,"missing"
"688167.SH","688167","炬光科技","电子",,,,"缺失","False",,,,,,"missing"
"688177.SH","688177","百奥泰","医药生物",,,,"缺失","False",,,,,,"missing"
"688182.SH","688182","灿勤科技","通信",,,,"缺失","False",,,,,,"missing"
"688190.SH","688190","云路股份","有色金属",,,,"缺失","False",,,,,,"missing"
"688195.SH","688195","腾景科技","未映射",,,,"缺失","False",,,,,,"missing"
"688205.SH","688205","德科立","通信",,,,"缺失","False",,,,,,"missing"
"688206.SH","688206","概伦电子","计算机",,,,"缺失","False",,,,,,"missing"
"688208.SH","688208","道通科技","计算机",,,,"缺失","False",,,,,,"missing"
"688232.SH","688232","新点软件","计算机",,,,"缺失","False",,,,,,"missing"
"688252.SH","688252","天德钰","电子",,,,"缺失","False",,,,,,"missing"
"688262.SH","688262","国芯科技","电子",,,,"缺失","False",,,,,,"missing"
"688279.SH","688279","峰岹科技","电子",,,,"缺失","False",,,,,,"missing"
"688289.SH","688289","圣湘生物","医药生物",,,,"缺失","False",,,,,,"missing"
"688300.SH","688300","联瑞新材","基础化工",,,,"缺失","False",,,,,,"missing"
"688306.SH","688306","均普智能","机械设备",,,,"缺失","False",,,,,,"missing"
"688321.SH","688321","微芯生物","医药生物",,,,"缺失","False",,,,,,"missing"
"688326.SH","688326","经纬恒润","未映射",,,,"缺失","False",,,,,,"missing"
"688327.SH","688327","云从科技","未映射",,,,"缺失","False",,,,,,"missing"
"688332.SH","688332","中科蓝讯","电子",,,,"缺失","False",,,,,,"missing"
"688333.SH","688333","铂力特","机械设备",,,,"缺失","False",,,,,,"missing"
"688351.SH","688351","微电生理","医药生物",,,,"缺失","False",,,,,,"missing"
"688352.SH","688352","颀中科技","电子",,,,"缺失","False",,,,,,"missing"
"688353.SH","688353","华盛锂电","电力设备",,,,"缺失","False",,,,,,"missing"
"688362.SH","688362","甬矽电子","电子","0",,,"低","False",,,,,"52","ok"
"688368.SH","688368","晶丰明源","电子",,,,"缺失","False",,,,,,"missing"
"688372.SH","688372","伟测科技","电子",,,,"缺失","False",,,,,,"missing"
"688380.SH","688380","中微半导","电子",,,,"缺失","False",,,,,,"missing"
"688382.SH","688382","益方生物","未映射",,,,"缺失","False",,,,,,"missing"
"688388.SH","688388","嘉元科技","电力设备",,,,"缺失","False",,,,,,"missing"
"688390.SH","688390","固德威","电力设备",,,,"缺失","False",,,,,,"missing"
"688392.SH","688392","骄成超声","电力设备",,,,"缺失","False",,,,,,"missing"
"688400.SH","688400","凌云光","机械设备",,,,"缺失","False",,,,,,"missing"
"688403.SH","688403","汇成股份","电子",,,,"缺失","False",,,,,,"missing"
"688408.SH","688408","中信博","电力设备",,,,"缺失","False",,,,,,"missing"
"688409.SH","688409","富创精密","电子",,,,"缺失","False",,,,,,"missing"
"688432.SH","688432","有研硅","电子",,,,"缺失","False",,,,,,"missing"
"688433.SH","688433","华曙高科","机械设备","0",,,"低","False",,"936",,,,"ok"
"688439.SH","688439","振华风光","国防军工",,,,"缺失","False",,,,,,"missing"
"688443.SH","688443","智翔金泰","未映射",,,,"缺失","False",,,,,,"missing"
"688449.SH","688449","联芸科技","电子",,,,"缺失","False",,,,,,"missing"
"688484.SH","688484","南芯科技","电子",,,,"缺失","False",,,,,,"missing"
"688486.SH","688486","龙迅股份","电子",,,,"缺失","False",,,,,,"missing"
"688502.SH","688502","茂莱光学","电子",,,,"缺失","False",,,,,,"missing"
"688503.SH","688503","聚和材料","电力设备",,,,"缺失","False",,,,,,"missing"
"688515.SH","688515","裕太微","未映射",,,,"缺失","False",,,,,,"missing"
"688516.SH","688516","奥特维","电力设备",,,,"缺失","False",,,,,,"missing"
"688519.SH","688519","南亚新材","电子",,,,"缺失","False",,,,,,"missing"
"688522.SH","688522","纳睿雷达","国防军工",,,,"缺失","False",,,,,,"missing"
"688523.SH","688523","航天环宇","国防军工",,,,"缺失","False",,,,,,"missing"
"688531.SH","688531","日联科技","机械设备",,,,"缺失","False",,,,,,"missing"
"688536.SH","688536","思瑞浦","电子",,,,"缺失","False",,,,,,"missing"
"688543.SH","688543","国科军工","国防军工",,,,"缺失","False",,,,,,"missing"
"688545.SH","688545","兴福电子","电子",,,,"缺失","False",,,,,,"missing"
"688548.SH","688548","广钢气体","电子",,,,"缺失","False",,,,,,"missing"
"688549.SH","688549","中巨芯","未映射",,,,"缺失","False",,,,,,"missing"
"688552.SH","688552","航天南湖","国防军工",,,,"缺失","False",,,,,,"missing"
"688559.SH","688559","海目星","机械设备",,,,"缺失","False",,,,,,"missing"
"688567.SH","688567","孚能科技","电力设备",,,,"缺失","False",,,,,,"missing"
"688584.SH","688584","上海合晶","电子",,,,"缺失","False",,,,,,"missing"
"688586.SH","688586","江航装备","国防军工",,,,"缺失","False",,,,,,"missing"
"688591.SH","688591","泰凌微","电子",,,,"缺失","False",,,,,,"missing"
"688593.SH","688593","新相微","电子",,,,"缺失","False",,,,,,"missing"
"688596.SH","688596","正帆科技","未映射",,,,"缺失","False",,,,,,"missing"
"688605.SH","688605","先锋精科","电子",,,,"缺失","False",,,,,,"missing"
"688612.SH","688612","威迈斯","汽车",,,,"缺失","False",,,,,,"missing"
"688627.SH","688627","精智达","机械设备",,,,"缺失","False",,,,,,"missing"
"688630.SH","688630","芯碁微装","机械设备",,,,"缺失","False",,,,,,"missing"
"688631.SH","688631","莱斯信息","计算机",,,,"缺失","False",,,,,,"missing"
"688639.SH","688639","华恒生物","基础化工","0",,,"低","False",,"1592",,,,"ok"
"688652.SH","688652","京仪装备","电子",,,,"缺失","False",,,,,,"missing"
"688658.SH","688658","悦康药业","医药生物","0",,,"低","False",,"1557",,,,"ok"
"688660.SH","688660","电气风电","电力设备",,,,"缺失","False",,,,,,"missing"
"688668.SH","688668","鼎通科技","通信",,,,"缺失","False",,,,,,"missing"
"688686.SH","688686","奥普特","机械设备",,,,"缺失","False",,,,,,"missing"
"688690.SH","688690","纳微科技","未映射",,,,"缺失","False",,,,,,"missing"
"688691.SH","688691","灿芯股份","电子","1",,,"高","True",,,,,"12","ok"
"688698.SH","688698","伟创电气","机械设备",,,,"缺失","False",,,,,,"missing"
"688700.SH","688700","东威科技","机械设备",,,,"缺失","False",,,,,,"missing"
"688717.SH","688717","艾罗能源","电力设备",,,,"缺失","False",,,,,,"missing"
"688726.SH","688726","拉普拉斯","电力设备",,,,"缺失","False",,,,,,"missing"
"688766.SH","688766","普冉股份","电子",,,,"缺失","False",,,,,,"missing"
"688776.SH","688776","国光电气","国防军工",,,,"缺失","False",,,,,,"missing"
"688779.SH","688779","五矿新能","电力设备",,,,"缺失","False",,,,,,"missing"
"688789.SH","688789","宏华数科","机械设备",,,,"缺失","False",,,,,,"missing"
"688798.SH","688798","艾为电子","电子",,,,"缺失","False",,,,,,"missing"
"688800.SH","688800","瑞可达","电子",,,,"缺失","False",,,,,,"missing"
